ARCHITECTURE,ARCH 2360,1,DCC 337,Monday,1-May,11:30AM-2:30PM
ARTS,ARTS 2380,1,WEST 323,Wednesday,3-May,3:00PM-6:00PM
ARTS,ARTS 4380,1,WEST 323,Wednesday,3-May,3:00PM-6:00PM
ARTS,ARTS 4460,1,SAGE 2411,Wednesday,3-May,3:00PM-6:00PM
ASTRONOMY,ASTR 1520,1,DCC 318,Thursday,4-May,11:30AM-2:30PM
BIOCHEMISTRY& BIOPHYSICS,BCBP 4550,1,SAGE 5510,Monday,1-May,3:00PM-6:00PM
BIOCHEMISTRY& BIOPHYSICS,BCBP 6420,1,SAGE 5510,Monday,1-May,3:00PM-6:00PM
BIOLOGY,BIOL 2120,(ALL SECTIONS),DCC 318,Tuesday,2-May,6:30PM-9:30PM
BIOLOGY,BIOL 4310,1,LOW 3051,Tuesday,2-May,3:00PM-6:00PM
BIOLOGY,BIOL 4550,1,SAGE 5510,Monday,1-May,3:00PM-6:00PM
BIOLOGY,BIOL 4850,1,LOW 3039,Wednesday,3-May,3:00PM-6:00PM
BIOLOGY,BIOL 6310,1,LOW 3051,Tuesday,2-May,3:00PM-6:00PM
BIOLOGY,BIOL 6420,1,SAGE 5510,Monday,1-May,3:00PM-6:00PM
BIOMEDICAL ENGINEERING,BMED 2050,(ALL SECTIONS),JEC 5119,Thursday,4-May,6:30PM-9:30PM
BIOMEDICAL ENGINEERING,BMED 2100,1,JEC 5119,Wednesday,3-May,11:30AM-2:30PM
BIOMEDICAL ENGINEERING,BMED 2100,2,LOW 3045,Wednesday,3-May,11:30AM-2:30PM
BIOMEDICAL ENGINEERING,BMED 2540,1,JEC 4309,Tuesday,2-May,11:30AM-2:30PM
BIOMEDICAL ENGINEERING,BMED 2540,2,JEC 5119,Tuesday,2-May,11:30AM-2:30PM
BIOMEDICAL ENGINEERING,BMED 4200,1,LOW 3051,Monday,1-May,11:30AM-2:30PM
BIOMEDICAL ENGINEERING,BMED 4250,1,EATON 216,Wednesday,3-May,11:30AM-2:30PM
BIOMEDICAL ENGINEERING,BMED 4410,1,CARNEG 113,Monday,1-May,3:00PM-6:00PM
BIOMEDICAL ENGINEERING,BMED 4480,1,DCC 324,Monday,1-May,3:00PM-6:00PM
BIOMEDICAL ENGINEERING,BMED 6410,1,CARNEG 113,Monday,1-May,3:00PM-6:00PM
BIOMEDICAL ENGINEERING,BMED 6480,1,DCC 324,Monday,1-May,3:00PM-6:00PM
CHEMISTRY,CHEM 1100,(ALL SECTIONS),SAGE 3303,Tuesday,2-May,11:30AM-2:30PM
CHEMISTRY,CHEM 1200,(ALL SECTIONS),DCC 308,Wednesday,3-May,11:30AM-2:30PM
CHEMISTRY,CHEM 1210,1,DCC 308,Wednesday,3-May,11:30AM-2:30PM
CHEMISTRY,CHEM 2030,1,JEC 4039,Tuesday,2-May,3:00PM-6:00PM
CHEMISTRY,CHEM 2260,1,WEST 220,Wednesday,3-May,3:00PM-6:00PM
CHEMISTRY,CHEM 4130,1,LOW 3130,Thursday,4-May,3:00PM-6:00PM
CHEMISTRY,CHEM 4200,1,LOW 3116,Monday,1-May,3:00PM-6:00PM
CHEMISTRY,CHEM 6130,1,LOW 3130,Thursday,4-May,3:00PM-6:00PM
CHEMICAL ENGINEERING,CHME 1100,(ALL SECTIONS),ACADEMY AUD,Tuesday,2-May,11:30AM-2:30PM
CHEMICAL ENGINEERING,CHME 2020,1,ACADEMY AUD,Thursday,4-May,3:00PM-6:00PM
CHEMICAL ENGINEERING,CHME 2050,1,JEC 5119,Thursday,4-May,11:30AM-2:30PM
CHEMICAL ENGINEERING,CHME 4010,1,LOW 4050,Tuesday,2-May,11:30AM-2:30PM
CHEMICAL ENGINEERING,CHME 4020,1,SAGE 3101,Wednesday,3-May,11:30AM-2:30PM
CHEMICAL ENGINEERING,CHME 4050,(ALL SECTIONS)*,DCC 337,Tuesday,2-May,8:00AM-11:00AM
CHEMICAL ENGINEERING,CHME 4050,(ALL SECTIONS)*,DCC 337,Tuesday,2-May,11:30AM-2:30PM
CHEMICAL ENGINEERING,CHME 4400,1,TROY 2018,Wednesday,3-May,11:30AM-2:30PM
CHEMICAL ENGINEERING,CHME 6440,1,TROY 2018,Wednesday,3-May,11:30AM-2:30PM
CHEMICAL ENGINEERING,CHME 6964,1,TROY 2015,Friday,5-May,6:30PM-9:30PM
CIVIL ENGINEERING,CIVL 1300,1,DCC 337,Monday,1-May,3:00PM-6:00PM
CIVIL ENGINEERING,CIVL 2060,(ALL SECTIONS),CARNEG 113,Tuesday,2-May,11:30AM-2:30PM
CIVIL ENGINEERING,CIVL 2630,(ALL SECTIONS),LOW 4050,Thursday,4-May,3:00PM-6:00PM
CIVIL ENGINEERING,CIVL 2670,(ALL SECTIONS),LOW 4050,Wednesday,3-May,3:00PM-6:00PM
CIVIL ENGINEERING,CIVL 4080,(ALL SECTIONS),SAGE 3101,Thursday,4-May,3:00PM-6:00PM
CIVIL ENGINEERING,CIVL 4150,(ALL SECTIONS),SAGE 4510,Tuesday,2-May,11:30AM-2:30PM
CIVIL ENGINEERING,CIVL 4270,1,JEC 5119,Friday,5-May,6:30PM-9:30PM
CIVIL ENGINEERING,CIVL 4280,1,LOW 3130,Friday,5-May,11:30AM-2:30PM
CIVIL ENGINEERING,CIVL 4440,1,SAGE 4101,Tuesday,2-May,3:00PM-6:00PM
CIVIL ENGINEERING,CIVL 4570,1,LOW 3045,Wednesday,3-May,3:00PM-6:00PM
CIVIL ENGINEERING,CIVL 4640,1,LOW 3116,Friday,5-May,11:30AM-2:30PM
CIVIL ENGINEERING,CIVL 6250,1,LOW 3116,Friday,5-May,11:30AM-2:30PM
CIVIL ENGINEERING,CIVL 6320,1,LOW 3045,Friday,5-May,11:30AM-2:30PM
CIVIL ENGINEERING,CIVL 6520,1,TROY 2015,Tuesday,2-May,3:00PM-6:00PM
CIVIL ENGINEERING,CIVL 6530,1,LOW 3045,Thursday,4-May,11:30AM-2:30PM
COMMUNICATION COMM,4540 (ALL,SECTIONS),SAGE 3101,Wednesday,3-May,3:00PM-6:00PM
COMPUTER SCIENCE,CSCI 1100,(ALL SECTIONS),DCC 308,Monday,1-May,11:30AM-2:30PM
COMPUTER SCIENCE,CSCI 1200,(ALL SECTIONS),DCC 308,Thursday,4-May,3:00PM-6:00PM
COMPUTER SCIENCE,CSCI 1200,(ALL SECTIONS),DCC 318,Thursday,4-May,3:00PM-6:00PM
COMPUTER SCIENCE,CSCI 1200,(ALL SECTIONS),DCC 324,Thursday,4-May,3:00PM-6:00PM
COMPUTER SCIENCE,CSCI 2200,(ALL SECTIONS),DCC 308,Tuesday,2-May,3:00PM-6:00PM
COMPUTER SCIENCE,CSCI 2300,(ALL SECTIONS),DCC 318,Tuesday,2-May,11:30AM-2:30PM
COMPUTER SCIENCE,CSCI 2300,(ALL SECTIONS),DCC 324,Tuesday,2-May,11:30AM-2:30PM
COMPUTER SCIENCE,CSCI 2500,(ALL SECTIONS),DCC 308,Thursday,4-May,11:30AM-2:30PM
COMPUTER SCIENCE,CSCI 2500,(ALL SECTIONS),DCC 324,Thursday,4-May,11:30AM-2:30PM
COMPUTER SCIENCE,CSCI 2600,1,DCC 308,Monday,1-May,6:30PM-9:30PM
COMPUTER SCIENCE,CSCI 4020,1,DCC 324,Wednesday,3-May,3:00PM-6:00PM
COMPUTER SCIENCE,CSCI 4210,1,DCC 318,Wednesday,3-May,11:30AM-2:30PM
COMPUTER SCIENCE,CSCI 4260,1,LOW 4050,Wednesday,3-May,6:30PM-9:30PM
COMPUTER SCIENCE,CSCI 4380,1,DCC 324,Monday,1-May,6:30PM-9:30PM
COMPUTER SCIENCE,CSCI 4440,(ALL SECTIONS),LOW 4050,Friday,5-May,11:30AM-2:30PM
COMPUTER SCIENCE,CSCI 4800,1,DCC 330,Wednesday,3-May,11:30AM-2:30PM
COMPUTER SCIENCE,CSCI 6840,1,LOW 4040,Tuesday,2-May,11:30AM-2:30PM
ECONOMICS,ECON 2010,3,RICKETTS 203,Tuesday,2-May,11:30AM-2:30PM
ECONOMICS,ECON 2020,2,DCC 337,Thursday,4-May,3:00PM-6:00PM
ECONOMICS,ECON 4110,2,LOW 3039,Wednesday,3-May,11:30AM-2:30PM
ECONOMICS,ECON 4340,1,LOW 3045,Monday,1-May,11:30AM-2:30PM
ECONOMICS,ECON 4360,1,SAGE 4112,Wednesday,3-May,11:30AM-2:30PM
ECONOMICS,ECON 4570,2,TROY 2015,Tuesday,2-May,11:30AM-2:30PM
ECONOMICS,ECON 6110,2,LOW 3039,Wednesday,3-May,11:30AM-2:30PM
ECONOMICS,ECON 6340,1,LOW 3045,Monday,1-May,11:30AM-2:30PM
ECONOMICS,ECON 6360,1,SAGE 4112,Wednesday,3-May,11:30AM-2:30PM
ELECTRICAL & COMPUTER SYSTEMS ENG.,ECSE 1010,1,ACADEMY AUD,Wednesday,3-May,3:00PM-6:00PM
ELECTRICAL & COMPUTER SYSTEMS ENG.,ECSE 2010,(ALL SECTIONS),DCC 308,Friday,5-May,11:30AM-2:30PM
ELECTRICAL & COMPUTER SYSTEMS ENG.,ECSE 2050,(ALL SECTIONS),ACADEMY AUD,Wednesday,3-May,11:30AM-2:30PM
ELECTRICAL & COMPUTER SYSTEMS ENG.,ECSE 2100,1,LOW 3051,Tuesday,2-May,11:30AM-2:30PM
ELECTRICAL & COMPUTER SYSTEMS ENG.,ECSE 2110,1,SAGE 5510,Wednesday,3-May,3:00PM-6:00PM
ELECTRICAL & COMPUTER SYSTEMS ENG.,ECSE 2210,1,EATON 216,Tuesday,2-May,3:00PM-6:00PM
ELECTRICAL & COMPUTER SYSTEMS ENG.,ECSE 2410,1,ACADEMY AUD,Tuesday,2-May,3:00PM-6:00PM
ELECTRICAL & COMPUTER SYSTEMS ENG.,ECSE 2500,1,ACADEMY AUD,Thursday,4-May,11:30AM-2:30PM
ELECTRICAL & COMPUTER SYSTEMS ENG.,ECSE 2610,(ALL SECTIONS),SAGE 5101,Wednesday,3-May,3:00PM-6:00PM
ELECTRICAL & COMPUTER SYSTEMS ENG.,ECSE 2660,1,JEC 5119,Wednesday,3-May,3:00PM-6:00PM
ELECTRICAL & COMPUTER SYSTEMS ENG.,ECSE 4050,1,LOW 3039,Tuesday,2-May,11:30AM-2:30PM
ELECTRICAL & COMPUTER SYSTEMS ENG.,ECSE 4110,1,ONLINE,Wednesday,3-May,11:30AM-2:30PM
ELECTRICAL & COMPUTER SYSTEMS ENG.,ECSE 4141,1,JEC 4309,Friday,5-May,11:30AM-2:30PM
ELECTRICAL & COMPUTER SYSTEMS ENG.,ECSE 4220,1,TROY 2012,Thursday,4-May,3:00PM-6:00PM
ELECTRICAL & COMPUTER SYSTEMS ENG.,ECSE 4760,1,GREENE 120,Wednesday,3-May,11:30AM-2:30PM
ELECTRICAL & COMPUTER SYSTEMS ENG.,ECSE 4850,1,LOW 3051,Thursday,4-May,11:30AM-2:30PM
ELECTRICAL & COMPUTER SYSTEMS ENG.,ECSE 4900,1,JEC 3232,Friday,5-May,8:00AM-11:00AM
ELECTRICAL & COMPUTER SYSTEMS ENG.,ECSE 4900,2,JEC 3232,Friday,5-May,11:30AM-2:30PM
ELECTRICAL & COMPUTER SYSTEMS ENG.,ECSE 4900,3,JEC 3232,Friday,5-May,3:00PM-6:00PM
ELECTRICAL & COMPUTER SYSTEMS ENG.,ECSE 4900,4,JEC 3232,Friday,5-May,6:30PM-9:30PM
ELECTRICAL & COMPUTER SYSTEMS ENG.,ECSE 4961,1,ACADEMY AUD,Thursday,4-May,8:00AM-11:00AM
ELECTRICAL & COMPUTER SYSTEMS ENG.,ECSE 6050,1,LOW 3039,Tuesday,2-May,11:30AM-2:30PM
ELECTRICAL & COMPUTER SYSTEMS ENG.,ECSE 6110,1,ONLINE,Wednesday,3-May,11:30AM-2:30PM
ELECTRICAL & COMPUTER SYSTEMS ENG.,ECSE 6141,1,JEC 4309,Friday,5-May,11:30AM-2:30PM
ELECTRICAL & COMPUTER SYSTEMS ENG.,ECSE 6300,1,LOW 4034,Friday,5-May,3:00PM-6:00PM
ELECTRICAL & COMPUTER SYSTEMS ENG.,ECSE 6850,1,LOW 3051,Thursday,4-May,11:30AM-2:30PM
ELECTRICAL & COMPUTER SYSTEMS ENG.,ECSE 6961,1,ACADEMY AUD,Thursday,4-May,8:00AM-11:00AM
ENGINEERING,ENGR 1100,(ALL SECTIONS),DCC 308,Wednesday,3-May,8:00AM-11:00AM
ENGINEERING,ENGR 1600,(ALL SECTIONS),WEST 220,Monday,1-May,8:00AM-11:00AM
ENGINEERING,ENGR 2050,(ALL SECTIONS),DCC 318,Friday,5-May,6:30PM-9:30PM
ENGINEERING,ENGR 2090,(ALL SECTIONS),DCC 330,Tuesday,2-May,11:30AM-2:30PM
ENGINEERING,ENGR 2250,1,SAGE 3101,Thursday,4-May,11:30AM-2:30PM
ENGINEERING,ENGR 2300,(ALL SECTIONS),DCC 318,Monday,1-May,11:30AM-2:30PM
ENGINEERING,ENGR 2530,(ALL SECTIONS),DCC 318,Monday,1-May,3:00PM-6:00PM
ENGINEERING,ENGR 2600,(ALL SECTIONS),DCC 308,Friday,5-May,8:00AM-11:00AM
ENGINEERING,ENGR 2700,1,SAGE 4101,Wednesday,3-May,3:00PM-6:00PM
ENGINEERING,ENGR 2710,1,SAGE 4510,Monday,1-May,3:00PM-6:00PM
ENGINEERING,ENGR 4100,1,SAGE 3101,Monday,1-May,6:30PM-9:30PM
ENGINEERING,ENGR 4720,(ALL SECTIONS),JEC 3232,Wednesday,3-May,11:30AM-2:30PM
ENGINEERING,ENGR 6100,1,SAGE 3101,Monday,1-May,6:30PM-9:30PM
ENVIRONMENTAL ENGINEERING,ENVE 2110,(ALL SECTIONS),TROY 2012,Friday,5-May,11:30AM-2:30PM
ENVIRONMENTAL ENGINEERING,ENVE 4180,1,LOW 3045,Tuesday,2-May,11:30AM-2:30PM
ENVIRONMENTAL ENGINEERING,ENVE 4200,1,LOW 3116,Wednesday,3-May,3:00PM-6:00PM
ENVIRONMENTAL ENGINEERING,ENVE 4320,1,LOW 3039,Tuesday,2-May,3:00PM-6:00PM
ENVIRONMENTAL ENGINEERING,ENVE 4340,1,LOW 3039,Thursday,4-May,11:30AM-2:30PM
ENVIRONMENTAL ENGINEERING,ENVE 4961,1,LOW 3039,Thursday,4-May,3:00PM-6:00PM
EARTH,ERTH 1200,(ALL SECTIONS),SAGE 3303,Monday,1-May,8:00AM-11:00AM
EARTH,ERTH 2100,1,TROY 2015,Wednesday,3-May,11:30AM-2:30PM
EARTH,ERTH 4340,1,SAGE 4112,Thursday,4-May,11:30AM-2:30PM
EARTH,ERTH 4500,1,TROY 2018,Thursday,4-May,11:30AM-2:30PM
EARTH,ERTH 4750,1,LOW 3051,Wednesday,3-May,3:00PM-6:00PM
INTERDISCIPLINARY H & SS,IHSS 1130,1,SAGE 4112,Thursday,4-May,11:30AM-2:30PM
INTERDISCIPLINARY H & SS,IHSS 1165,1,SAGE 4112,Wednesday,3-May,3:00PM-6:00PM
INDUSTRIAL SYSTEMS ENGINEERING,ISYE 2210,1,SAGE 4101,Wednesday,3-May,3:00PM-6:00PM
INDUSTRIAL SYSTEMS ENGINEERING,ISYE 4270,1,JEC 3232,Friday,5-May,8:00AM-11:00AM
INDUSTRIAL SYSTEMS ENGINEERING,ISYE 4270,2,JEC 3232,Friday,5-May,11:30AM-2:30PM
INDUSTRIAL SYSTEMS ENGINEERING,ISYE 4270,3,JEC 3232,Friday,5-May,3:00PM-6:00PM
INDUSTRIAL SYSTEMS ENGINEERING,ISYE 4270,4,JEC 3232,Friday,5-May,6:30PM-9:30PM
INDUSTRIAL SYSTEMS ENGINEERING,ISYE 4960,1,LOW 3039,Friday,5-May,11:30AM-2:30PM
INDUSTRIAL SYSTEMS ENGINEERING,ISYE 6620,1,TROY 2018,Thursday,4-May,3:00PM-6:00PM
INDUSTRIAL SYSTEMS ENGINEERING,ISYE 6960,1,LOW 3039,Friday,5-May,11:30AM-2:30PM
INFORMATION TECHNOLOGY,ITWS 4300,1,SAGE 3101,Monday,1-May,6:30PM-9:30PM
INFORMATION TECHNOLOGY,ITWS 6300,1,SAGE 3101,Monday,1-May,6:30PM-9:30PM
"MECH,AERO,NUCL ENGR",MANE 1960,1,SAGE 3101,Tuesday,2-May,6:30PM-9:30PM
"MECH,AERO,NUCL ENGR",MANE 1961,1,SAGE 4510,Thursday,4-May,6:30PM-9:30PM
"MECH,AERO,NUCL ENGR",MANE 2110,(ALL SECTIONS),WEST 220,Thursday,4-May,8:00AM-11:00AM
"MECH,AERO,NUCL ENGR",MANE 2710,1,EATON 215,Tuesday,2-May,3:00PM-6:00PM
"MECH,AERO,NUCL ENGR",MANE 2710,2,EATON 214,Tuesday,2-May,3:00PM-6:00PM
"MECH,AERO,NUCL ENGR",MANE 2720,(ALL SECTIONS),SAGE 3303,Monday,1-May,6:30PM-9:30PM
"MECH,AERO,NUCL ENGR",MANE 4030,(ALL SECTIONS),DCC 337,Wednesday,3-May,6:30PM-9:30PM
"MECH,AERO,NUCL ENGR",MANE 4060,1,LOW 3051,Wednesday,3-May,11:30AM-2:30PM
"MECH,AERO,NUCL ENGR",MANE 4070,1,PITTS 5216,Thursday,4-May,11:30AM-2:30PM
"MECH,AERO,NUCL ENGR",MANE 4080,1,SAGE 4101,Tuesday,2-May,11:30AM-2:30PM
"MECH,AERO,NUCL ENGR",MANE 4100,1,WEST 220,Tuesday,2-May,11:30AM-2:30PM
"MECH,AERO,NUCL ENGR",MANE 4210,1,JEC 5119,Wednesday,3-May,6:30PM-9:30PM
"MECH,AERO,NUCL ENGR",MANE 4230,1,GREENE 120,Friday,5-May,6:30PM-9:30PM
"MECH,AERO,NUCL ENGR",MANE 4260,1,JEC 3232,Friday,5-May,8:00AM-11:00AM
"MECH,AERO,NUCL ENGR",MANE 4260,2,JEC 3232,Friday,5-May,11:30AM-2:30PM
"MECH,AERO,NUCL ENGR",MANE 4260,3,JEC 3232,Friday,5-May,3:00PM-6:00PM
"MECH,AERO,NUCL ENGR",MANE 4260,4,JEC 3232,Friday,5-May,6:30PM-9:30PM
"MECH,AERO,NUCL ENGR",MANE 4350,1,JROWL 2C30,Tuesday,2-May,11:30AM-2:30PM
"MECH,AERO,NUCL ENGR",MANE 4500,(ALL SECTIONS),SAGE 3303,Friday,5-May,11:30AM-2:30PM
"MECH,AERO,NUCL ENGR",MANE 4640,1,SAGE 4510,Thursday,4-May,3:00PM-6:00PM
"MECH,AERO,NUCL ENGR",MANE 4730,1,DCC 318,Tuesday,2-May,3:00PM-6:00PM
"MECH,AERO,NUCL ENGR",MANE 4730,2,DCC 318,Tuesday,2-May,3:00PM-6:00PM
"MECH,AERO,NUCL ENGR",MANE 4740,(ALL SECTIONS),DCC 324,Friday,5-May,6:30PM-9:30PM
"MECH,AERO,NUCL ENGR",MANE 4962,1,DCC 337,Thursday,4-May,11:30AM-2:30PM
"MECH,AERO,NUCL ENGR",MANE 6210,1,JEC 5119,Wednesday,3-May,6:30PM-9:30PM
"MECH,AERO,NUCL ENGR",MANE 6800,1,JROWL 2C22,Tuesday,2-May,3:00PM-6:00PM
"MECH,AERO,NUCL ENGR",MANE 6961,1,JEC 4309,Thursday,4-May,3:00PM-6:00PM
"MECH,AERO,NUCL ENGR",MANE 6962,1,DCC 337,Thursday,4-May,11:30AM-2:30PM
MATHEMATICS,MATH 4020,1,LOW 4050,Monday,1-May,3:00PM-6:00PM
MATHEMATICS,MATH 1020,(SECTIONS 17-24),DCC 308,Wednesday,3-May,3:00PM-6:00PM
MATHEMATICS,MATH 1020,(SECTIONS 1-8),SAGE 3303,Tuesday,2-May,3:00PM-6:00PM
MATHEMATICS,MATH 1020,(SECTIONS 25-32),SAGE 3303,Wednesday,3-May,11:30AM-2:30PM
MATHEMATICS,MATH 1020,(SECTIONS 33-36),DCC 324,Friday,5-May,3:00PM-6:00PM
MATHEMATICS,MATH 1020,(SECTIONS 37-40),DCC 318,Wednesday,3-May,3:00PM-6:00PM
MATHEMATICS,MATH 1020,(SECTIONS 9-16),DCC 308,Friday,5-May,3:00PM-6:00PM
MATHEMATICS,MATH 1520,(ALL SECTIONS),SAGE 3303,Wednesday,3-May,3:00PM-6:00PM
MATHEMATICS,MATH 2010,(SECTIONS 1-8),DCC 308,Thursday,4-May,6:30PM-9:30PM
MATHEMATICS,MATH 2010,(SECTIONS 9-16),DCC 318,Monday,1-May,6:30PM-9:30PM
MATHEMATICS,MATH 2010,(SECTIONS 9-16),DCC 324,Monday,1-May,6:30PM-9:30PM
MATHEMATICS,MATH 2400,(SECTIONS 1-4),DCC 324,Wednesday,3-May,11:30AM-2:30PM
MATHEMATICS,MATH 2400,(SECTIONS 14-16),DCC 330,Monday,1-May,3:00PM-6:00PM
MATHEMATICS,MATH 2400,(SECTIONS 17-20),SAGE 3303,Thursday,4-May,11:30AM-2:30PM
MATHEMATICS,MATH 2400,(SECTIONS 5-8),SAGE 3510,Tuesday,2-May,3:00PM-6:00PM
MATHEMATICS,MATH 2400,(SECTIONS 9-12),SAGE 3510,Tuesday,2-May,11:30AM-2:30PM
MATHEMATICS,MATH 4100,2,LOW 4050,Thursday,4-May,11:30AM-2:30PM
MATHEMATICS,MATH 4150,1,LOW 4050,Wednesday,3-May,6:30PM-9:30PM
MATHEMATICS,MATH 4300,1,SAGE 4101,Thursday,4-May,11:30AM-2:30PM
MATHEMATICS,MATH 4500,1,GREENE 120,Tuesday,2-May,11:30AM-2:30PM
MATHEMATICS,MATH 4600,1,GREENE 120,Tuesday,2-May,3:00PM-6:00PM
MATHEMATICS,MATH 4800,1,DCC 330,Wednesday,3-May,11:30AM-2:30PM
MATHEMATICS,MATH 6590,1,RICKETTS 212,Tuesday,2-May,11:30AM-2:30PM
MATHEMATICS,MATH 6640,1,TROY 2015,Thursday,4-May,3:00PM-6:00PM
MATHEMATICS,MATH 6840,1,LOW 4040,Tuesday,2-May,11:30AM-2:30PM
MATHEMATICS,MATP 4400,(ALL SECTIONS),TROY 2012,Tuesday,2-May,3:00PM-6:00PM
MATHEMATICS,MATP 6620,1,TROY 2018,Thursday,4-May,3:00PM-6:00PM
MANAGEMENT,MGMT 1260,(ALL SECTIONS),ONLINE,Monday,1-May,11:30AM-2:30PM
MANAGEMENT,MGMT 2100,1,PITTS 5216,Tuesday,2-May,11:30AM-2:30PM
MANAGEMENT,MGMT 2100,2,CARNEG 113,Wednesday,3-May,11:30AM-2:30PM
MANAGEMENT,MGMT 2300,1,CARNEG 113,Tuesday,2-May,3:00PM-6:00PM
MANAGEMENT,MGMT 2300,2,CARNEG 113,Thursday,4-May,11:30AM-2:30PM
MANAGEMENT,MGMT 2300,3,PITTS 5216,Monday,1-May,3:00PM-6:00PM
MANAGEMENT,MGMT 2320,1,TROY 2012,Wednesday,3-May,11:30AM-2:30PM
MANAGEMENT,MGMT 4110,1,TROY 2012,Wednesday,3-May,3:00PM-6:00PM
MANAGEMENT,MGMT 4110,2,TROY 2018,Tuesday,2-May,3:00PM-6:00PM
MANAGEMENT,MGMT 4140,1,TROY 2018,Wednesday,3-May,3:00PM-6:00PM
MANAGEMENT,MGMT 4160,1,DCC 337,Friday,5-May,11:30AM-2:30PM
MANAGEMENT,MGMT 4190,1,SAGE 4510,Tuesday,2-May,3:00PM-6:00PM
MANAGEMENT,MGMT 4260,1,JEC 5119,Friday,5-May,11:30AM-2:30PM
MANAGEMENT,MGMT 4420,1,JEC 5119,Friday,5-May,3:00PM-6:00PM
MANAGEMENT,MGMT 4490,1,JEC 4309,Thursday,4-May,11:30AM-2:30PM
MANAGEMENT,MGMT 4520,1,EATON 214,Wednesday,3-May,3:00PM-6:00PM
MANAGEMENT,MGMT 4860,1,SAGE 3101,Tuesday,2-May,11:30AM-2:30PM
MANAGEMENT,MGMT 4870,1,DCC 330,Thursday,4-May,11:30AM-2:30PM
MANAGEMENT,MGMT 4964,1,SAGE 4101,Wednesday,3-May,11:30AM-2:30PM
MANAGEMENT,MGMT 6020,1,SAGE 5510,Tuesday,2-May,11:30AM-2:30PM
MANAGEMENT,MGMT 6140,1,TROY 2012,Friday,5-May,3:00PM-6:00PM
MANAGEMENT,MGMT 6160,1,DCC 337,Friday,5-May,11:30AM-2:30PM
MANAGEMENT,MGMT 6410,1,SAGE 4510,Friday,5-May,11:30AM-2:30PM
MANAGEMENT,MGMT 6420,1,JEC 5119,Friday,5-May,3:00PM-6:00PM
MANAGEMENT,MGMT 6430,1,JEC 5119,Friday,5-May,11:30AM-2:30PM
MANAGEMENT,MGMT 6510,1,ONLINE,Thursday,4-May,11:30AM-2:30PM
MANAGEMENT,MGMT 6540,1,JEC 4309,Thursday,4-May,11:30AM-2:30PM
MANAGEMENT,MGMT 6560,1,SAGE 4510,Tuesday,2-May,3:00PM-6:00PM
MANAGEMENT,MGMT 6580,1,CARNEG 113,Friday,5-May,6:30PM-9:30PM
MANAGEMENT,MGMT 6620,1,EATON 214,Wednesday,3-May,3:00PM-6:00PM
MANAGEMENT,MGMT 6690,1,SAGE 4101,Wednesday,3-May,11:30AM-2:30PM
MANAGEMENT,MGMT 6962,1,ONLINE,Wednesday,3-May,11:30AM-2:30PM
MANAGEMENT,MGMT 7030,1,DCC 324,Friday,5-May,11:30AM-2:30PM
MATERIALS SCIENCE & ENGINEERING,MTLE 2100,1,DCC 337,Wednesday,3-May,11:30AM-2:30PM
MATERIALS SCIENCE & ENGINEERING,MTLE 4440,1,JEC 5119,Thursday,4-May,3:00PM-6:00PM
MATERIALS SCIENCE & ENGINEERING,MTLE 4920,1,JEC 3232,Friday,5-May,8:00AM-11:00AM
MATERIALS SCIENCE & ENGINEERING,MTLE 4920,2,JEC 3232,Friday,5-May,11:30AM-2:30PM
MATERIALS SCIENCE & ENGINEERING,MTLE 4920,3,JEC 3232,Friday,5-May,3:00PM-6:00PM
MATERIALS SCIENCE & ENGINEERING,MTLE 4920,4,JEC 3232,Friday,5-May,6:30PM-9:30PM
MATERIALS SCIENCE & ENGINEERING,MTLE 6440,1,JEC 5119,Thursday,4-May,3:00PM-6:00PM
PHYSICS,PHYS 1050,1,EATON 214,Wednesday,3-May,11:30AM-2:30PM
PHYSICS,PHYS 1100,(ALL SECTIONS),DCC 308,Thursday,4-May,8:00AM-11:00AM
PHYSICS,PHYS 1100,(ALL SECTIONS),DCC 318,Thursday,4-May,8:00AM-11:00AM
PHYSICS,PHYS 1100,(ALL SECTIONS),DCC 324,Thursday,4-May,8:00AM-11:00AM
PHYSICS,PHYS 1100,(ALL SECTIONS),DCC 330,Thursday,4-May,8:00AM-11:00AM
PHYSICS,PHYS 1100,(ALL SECTIONS),DCC 337,Thursday,4-May,8:00AM-11:00AM
PHYSICS,PHYS 1100,(ALL SECTIONS),SAGE 3303,Thursday,4-May,8:00AM-11:00AM
